{
  "Golden": 1056.5097763188598,
  "epoch_01": 1014.2405831073908,
  "epoch_02": 942.7777946895195,
  "epoch_03": 966.5692084785306,
  "epoch_04": 1083.8065103134961,
  "epoch_05": 986.520962809069,
  "epoch_06": 949.5751642831335
}