{
  "Golden": 1085.692249845601,
  "epoch_01": 976.4301620041458,
  "epoch_02": 967.3711558486661,
  "epoch_03": 922.583150029879,
  "epoch_04": 1015.2909379842009,
  "epoch_05": 994.8096633643501,
  "epoch_06": 1037.822680923157
}