{
  "Golden": 1085.692249845601,
  "epoch_01": 975.789237933242,
  "epoch_02": 912.9796192329127,
  "epoch_03": 1036.6391338970443,
  "epoch_04": 992.734176344472,
  "epoch_05": 951.0817783011862,
  "epoch_06": 1045.0838044455418
}