{
  "Golden": 1055.0920761003874,
  "epoch_01": 969.8515440133751,
  "epoch_02": 914.5120896463942,
  "epoch_03": 1054.872977617796,
  "epoch_04": 1034.3818211910711,
  "epoch_05": 942.8525749007524,
  "epoch_06": 1028.4369165302235
}