{
  "Golden": 1085.692249845601,
  "epoch_01": 979.2237989447042,
  "epoch_02": 976.8443108517818,
  "epoch_03": 1035.8541171334248,
  "epoch_04": 957.8954546793454,
  "epoch_05": 1013.2794445032898,
  "epoch_06": 951.2106240418528
}