{
  "Golden": 1085.692249845601,
  "epoch_01": 955.9104619195189,
  "epoch_02": 999.1705674098924,
  "epoch_03": 995.1560945795297,
  "epoch_04": 1030.0502637083455,
  "epoch_05": 977.1573916636385,
  "epoch_06": 956.8629708734737
}