{
  "Golden": 1085.692249845601,
  "epoch_01": 1034.167362068619,
  "epoch_02": 938.3895960602725,
  "epoch_03": 913.6783832057687,
  "epoch_04": 979.780136776202,
  "epoch_05": 1040.1770882960461,
  "epoch_06": 1008.1151837474906
}