{
  "Golden": 1085.692249845601,
  "epoch_01": 1042.8633995235587,
  "epoch_02": 910.1578636616579,
  "epoch_03": 955.8520921669766,
  "epoch_04": 992.1458031674339,
  "epoch_05": 979.8657398121238,
  "epoch_06": 1033.4228518226482
}