{
  "Golden": 1085.692249845601,
  "epoch_01": 998.6404058142688,
  "epoch_02": 998.7316484547458,
  "epoch_03": 962.6460597915866,
  "epoch_04": 943.2566235953971,
  "epoch_05": 1009.2912395550741,
  "epoch_06": 1001.7417729433265
}