{
  "Golden": 1072.3942668317973,
  "epoch_01": 1009.1942995346105,
  "epoch_02": 1039.6402321366822,
  "epoch_03": 977.1188465586469,
  "epoch_04": 988.8314817708442,
  "epoch_05": 998.9563532499294,
  "epoch_06": 913.8645199174895
}