{
  "Golden": 1085.692249845601,
  "epoch_01": 952.526488131854,
  "epoch_02": 956.5000783971693,
  "epoch_03": 958.2596863257118,
  "epoch_04": 1000.3654820233531,
  "epoch_05": 986.5360448518163,
  "epoch_06": 1060.1199704244943
}