{
  "Golden": 1085.692249845601,
  "epoch_01": 1057.4449563917303,
  "epoch_02": 983.1791649455087,
  "epoch_03": 948.5898424277975,
  "epoch_04": 965.5368171427904,
  "epoch_05": 1009.4047269061954,
  "epoch_06": 950.1522423403767
}