{
  "Golden": 1085.692249845601,
  "epoch_01": 1019.5783615546491,
  "epoch_02": 978.9506639665403,
  "epoch_03": 977.1948943483136,
  "epoch_04": 920.5729570609624,
  "epoch_05": 1036.3141595132586,
  "epoch_06": 981.696713710675
}