{
  "Golden": 1085.692249845601,
  "epoch_01": 985.1155176272471,
  "epoch_02": 1000.5375869569243,
  "epoch_03": 1049.878445804053,
  "epoch_04": 927.1338417835342,
  "epoch_05": 994.7654898007938,
  "epoch_06": 956.8768681818465
}