Rank,Model,Mean ELO,Std Dev,Min,Max,Median,Range,Task Count
1,glm-4.7,1001.712169744672,4.746259673068105,991.3901962464133,1012.4011376687457,1003.9807734530373,21.010941422332394,52
2,gemini-3-pro-preview,1001.3696015757832,5.684423754967705,988.8158025570365,1014.2910860020505,1001.0934223456021,25.475283445014043,52
3,gpt-5.2-thinking,1000.8905530131035,5.138587944878649,986.2880607772336,1009.0974391790452,1002.031474047152,22.809378401811614,52
4,qwen3-max,1000.5883188095706,6.067311325679391,985.3533779204438,1012.6875418856113,1003.2131122640365,27.334163965167477,52
5,claude-opus-4-5-20251101-thinking,1000.4925384959893,6.02821513862745,986.7288582145808,1009.155673901363,1000.3910427520273,22.42681568678222,52
6,kimi-k2-250905,1000.4753982065638,5.242295637151593,987.1514355225394,1012.2842429771351,1000.3430559379058,25.132807454595763,52
7,deepseek-v3.2,999.0195901480522,6.076574524986754,985.8293229453772,1009.6664868266902,1000.1315083661929,23.837163881313018,52
