{
  "Golden": 1085.692249845601,
  "epoch_01": 962.8252787522936,
  "epoch_02": 1043.334122690423,
  "epoch_03": 954.7409618155364,
  "epoch_04": 986.4136927750054,
  "epoch_05": 958.6711622824506,
  "epoch_06": 1008.3225318386898
}