{
  "Golden": 1072.3942668317973,
  "epoch_01": 963.3527413357771,
  "epoch_02": 1047.9106110076666,
  "epoch_03": 934.283767633826,
  "epoch_04": 979.7589011174875,
  "epoch_05": 1038.824842820624,
  "epoch_06": 963.4748692528211
}