{
  "Golden": 1085.692249845601,
  "epoch_01": 1013.6967621411844,
  "epoch_02": 943.3678915898217,
  "epoch_03": 1015.8147934360862,
  "epoch_04": 1020.599098501085,
  "epoch_05": 1006.8099432707556,
  "epoch_06": 914.0192612154658
}