{
  "Golden": 1071.0920761003874,
  "epoch_01": 984.014339893368,
  "epoch_02": 975.9158927151379,
  "epoch_03": 945.4213973439244,
  "epoch_04": 1050.6236202992197,
  "epoch_05": 958.4736247039225,
  "epoch_06": 1014.45904894404
}