{
  "Golden": 1063.7990216687983,
  "epoch_01": 912.3313417976251,
  "epoch_02": 980.0376107595051,
  "epoch_03": 994.4017737915378,
  "epoch_04": 1079.1485899135291,
  "epoch_05": 968.8449904108646,
  "epoch_06": 1001.43667165814
}