{
  "Golden": 1071.7559900889685,
  "epoch_01": 1044.08208079835,
  "epoch_02": 926.6289152826862,
  "epoch_03": 1027.198130519146,
  "epoch_04": 1016.6231649311471,
  "epoch_05": 985.8694887178847,
  "epoch_06": 927.8422296618178
}