{
  "epochs": [
    "epoch_01",
    "epoch_02",
    "epoch_03",
    "epoch_04",
    "epoch_05",
    "epoch_06",
    "epoch_07",
    "epoch_08",
    "epoch_09",
    "epoch_10"
  ],
  "avg_ratings": [
    898.4,
    898.4,
    898.4,
    898.4,
    898.4,
    908.4,
    0,
    0,
    0,
    0
  ],
  "std_ratings": [
    4.8,
    4.8,
    4.8,
    4.8,
    4.8,
    25.200000000000003,
    0,
    0,
    0,
    0
  ],
  "avg_cosine": [
    0,
    0,
    0,
    0,
    0,
    0.0,
    0,
    0,
    0,
    0
  ],
  "std_cosine": [
    0,
    0,
    0,
    0,
    0,
    0.0,
    0,
    0,
    0,
    0
  ],
  "task_count": 30,
  "timestamp": "2026-01-29T11:04:49.545484"
}