{
  "Golden": 1079.345675093451,
  "epoch_01": 976.8064432706076,
  "epoch_02": 1045.2741775610718,
  "epoch_03": 982.5223768628566,
  "epoch_04": 979.2166865150497,
  "epoch_05": 955.9337582381834,
  "epoch_06": 980.9008824587798
}