{
  "Golden": 1070.403760444304,
  "epoch_01": 1021.2963740369697,
  "epoch_02": 1015.934707976201,
  "epoch_03": 985.6180273682529,
  "epoch_04": 951.4661790769279,
  "epoch_05": 1041.395570607261,
  "epoch_06": 913.8853804900834
}