{
  "Golden": 1059.729526119354,
  "epoch_01": 1006.8315502373265,
  "epoch_02": 997.1310183106841,
  "epoch_03": 1000.5125082730578,
  "epoch_04": 1007.8967092207073,
  "epoch_05": 1013.7764090322345,
  "epoch_06": 914.1222788066357
}