{
  "Golden": 1064.7539112609797,
  "epoch_01": 1028.8290989988022,
  "epoch_02": 975.2768515196192,
  "epoch_03": 943.1103385539399,
  "epoch_04": 1028.7310338442753,
  "epoch_05": 962.9598949407009,
  "epoch_06": 996.338870881683
}