{
  "Golden": 1055.8138937895299,
  "epoch_01": 1001.4170987651396,
  "epoch_02": 958.7097474448078,
  "epoch_03": 994.05168494902,
  "epoch_04": 1063.8282181343627,
  "epoch_05": 1011.9725989758491,
  "epoch_06": 914.2067579412909
}