{
  "epochs": [
    "epoch_01",
    "epoch_02",
    "epoch_03",
    "epoch_04",
    "epoch_05",
    "epoch_06",
    "epoch_07",
    "epoch_08",
    "epoch_09",
    "epoch_10"
  ],
  "avg_ratings": [
    945.0275412942708,
    936.4012060210621,
    938.3503526964574,
    947.0960038088724,
    943.859338519401,
    936.3017182516071,
    0,
    0,
    0,
    0
  ],
  "std_ratings": [
    52.911903534111644,
    47.5456430791547,
    48.4089037963945,
    57.84209384688142,
    50.4248923215851,
    49.45973548963058,
    0,
    0,
    0,
    0
  ],
  "avg_cosine": [
    0.0,
    0.0,
    0.0,
    0.0,
    0.0,
    0.0,
    0,
    0,
    0,
    0
  ],
  "std_cosine": [
    0.0,
    0.0,
    0.0,
    0.0,
    0.0,
    0.0,
    0,
    0,
    0,
    0
  ],
  "task_count": 53,
  "timestamp": "2026-01-30T06:37:00.746522"
}